Region,City
Белгородская область,г Белгород
Белгородская область,г Старый Оскол
Белгородская область,г Губкин
Белгородская область,г Шебекино
Белгородская область,г Алексеевка
Белгородская область,г Валуйки
Белгородская область,г Строитель
Белгородская область,г Новый Оскол
Белгородская область,г Бирюч
Белгородская область,г Грайворон
Белгородская область,г Короча
Брянская область,г Брянск
Брянская область,г Клинцы
Брянская область,г Новозыбков
Брянская область,г Дятьково
Брянская область,г Унеча
Брянская область,г Стародуб
Брянская область,г Карачев
Брянская область,г Жуковка
Брянская область,г Почеп
Брянская область,г Сельцо
Брянская область,г Трубчевск
Брянская область,г Фокино
Брянская область,г Сураж
Брянская область,г Мглин
Брянская область,г Севск
Брянская область,г Злынка
Владимирская область,г Владимир
Владимирская область,г Ковров
Владимирская область,г Муром
Владимирская область,г Александров
Владимирская область,г Гусь-Хрустальный
Владимирская область,г Кольчугино
Владимирская область,г Вязники
Владимирская область,г Киржач
Владимирская область,г Радужный
Владимирская область,г Покров
Владимирская область,г Юрьев-Польский
Владимирская область,г Собинка
Владимирская область,г Карабаново
Владимирская область,г Меленки
Владимирская область,г Петушки
Владимирская область,г Лакинск
Владимирская область,г Гороховец
Владимирская область,г Камешково
Владимирская область,г Струнино
Владимирская область,г Судогда
Владимирская область,г Суздаль
Владимирская область,г Костерево
Владимирская область,г Курлово
Воронежская область,г Воронеж
Воронежская область,г Россошь
Воронежская область,г Борисоглебск
Воронежская область,г Лиски
Воронежская область,г Острогожск
Воронежская область,г Нововоронеж
Воронежская область,г Семилуки
Воронежская область,г Павловск
Воронежская область,г Бутурлиновка
Воронежская область,г Бобров
Воронежская область,г Калач
Воронежская область,г Поворино
Воронежская область,г Богучар
Воронежская область,г Эртиль
Воронежская область,г Новохопёрск
Ивановская область,г Иваново
Ивановская область,г Кинешма
Ивановская область,г Шуя
Ивановская область,г Тейково
Ивановская область,г Кохма
Ивановская область,г Вичуга
Ивановская область,г Фурманов
Ивановская область,г Родники
Ивановская область,г Приволжск
Ивановская область,г Южа
Ивановская область,г Комсомольск
Ивановская область,г Заволжск
Ивановская область,г Наволоки
Ивановская область,г Юрьевец
Ивановская область,г Пучеж
Ивановская область,г Гаврилов Посад
Ивановская область,г Плес
Калужская область,г Калуга
Калужская область,г Обнинск
Калужская область,г Малоярославец
Калужская область,г Людиново
Калужская область,г Балабаново
Калужская область,г Киров
Калужская область,г Козельск
Калужская область,г Кондрово
Калужская область,г Жуков
Калужская область,г Сухиничи
Калужская область,г Боровск
Калужская область,г Кременки
Калужская область,г Ермолино
Калужская область,г Сосенский
Калужская область,г Белоусово
Калужская область,г Таруса
Калужская область,г Медынь
Калужская область,г Юхнов
Калужская область,г Жиздра
Калужская область,г Спас-Деменск
Калужская область,г Мосальск
Калужская область,г Мещовск
Костромская область,г Кострома
Костромская область,г Буй
Костромская область,г Шарья
Костромская область,г Нерехта
Костромская область,г Волгореченск
Костромская область,г Мантурово
Костромская область,г Галич
Костромская область,г Нея
Костромская область,г Макарьев
Костромская область,г Солигалич
Костромская область,г Чухлома
Костромская область,г Кологрив
Курская область,г Курск
Курская область,г Железногорск
Курская область,г Курчатов
Курская область,г Льгов
Курская область,г Рыльск
Курская область,г Щигры
Курская область,г Обоянь
Курская область,г Дмитриев-Льговский
Курская область,г Суджа
Курская область,г Фатеж
Липецкая область,г Липецк
Липецкая область,г Елец
Липецкая область,г Грязи
Липецкая область,г Усмань
Липецкая область,г Лебедянь
Липецкая область,г Данков
Липецкая область,г Чаплыгин
Липецкая область,г Задонск
Московская область,г Балашиха
Московская область,г Подольск
Московская область,г Мытищи
Московская область,г Химки
Московская область,г Люберцы
Московская область,г Королёв
Московская область,г Красногорск
Московская область,г Одинцово
Московская область,г Домодедово
Московская область,г Электросталь
Московская область,г Щёлково
Московская область,г Серпухов
Московская область,г Коломна
Московская область,г Долгопрудный
Московская область,г Раменское
Московская область,г Реутов
Московская область,г Пушкино
Московская область,г Жуковский
Московская область,г Видное
Московская область,г Орехово-Зуево
Московская область,г Ногинск
Московская область,г Сергиев Посад
Московская область,г Воскресенск
Московская область,г Клин
Московская область,г Чехов
Московская область,г Ивантеевка
Московская область,г Лобня
Московская область,г Наро-Фоминск
Московская область,г Дубна
Московская область,г Котельники
Московская область,г Егорьевск
Московская область,г Лыткарино
Московская область,г Павловский Посад
Московская область,г Ступино
Московская область,г Дмитров
Московская область,г Фрязино
Московская область,г Дзержинский
Московская область,г Солнечногорск
Московская область,г Краснознаменск
Московская область,г Кашира
Московская область,г Апрелевка
Московская область,г Звенигород
Московская область,г Протвино
Московская область,г Шатура
Московская область,г Истра
Московская область,г Ликино-Дулёво
Московская область,г Можайск
Московская область,г Дедовск
Московская область,г Электрогорск
Московская область,г Луховицы
Московская область,г Лосино-Петровский
Московская область,г Красноармейск
Московская область,г Волоколамск
Московская область,г Озёры
Московская область,г Старая Купавна
Московская область,г Кубинка
Московская область,г Голицыно
Московская область,г Бронницы
Московская область,г Рошаль
Московская область,г Хотьково
Московская область,г Зарайск
Московская область,г Куровское
Московская область,г Пущино
Московская область,г Черноголовка
Московская область,г Электроугли
Московская область,г Талдом
Московская область,г Руза
Московская область,г Краснозаводск
Московская область,г Яхрома
Московская область,г Белоозёрский
Московская область,г Высоковск
Московская область,г Дрезна
Московская область,г Пересвет
Московская область,г Верея
Орловская область,г Орёл
Орловская область,г Ливны
Орловская область,г Мценск
Орловская область,г Болхов
Орловская область,г Дмитровск
Орловская область,г Малоархангельск
Орловская область,г Новосиль
Рязанская область,г Рязань
Рязанская область,г Касимов
Рязанская область,г Скопин
Рязанская область,г Рыбное
Рязанская область,г Сасово
Рязанская область,г Ряжск
Рязанская область,г Новомичуринск
Рязанская область,г Кораблино
Рязанская область,г Михайлов
Рязанская область,г Шацк
Рязанская область,г Спасск-Рязанский
Рязанская область,г Спас-Клепики
Смоленская область,г Смоленск
Смоленская область,г Вязьма
Смоленская область,г Рославль
Смоленская область,г Ярцево
Смоленская область,г Сафоново
Смоленская область,г Гагарин
Смоленская область,г Десногорск
Смоленская область,г Дорогобуж
Смоленская область,г Рудня
Смоленская область,г Ельня
Смоленская область,г Починок
Смоленская область,г Сычевка
Смоленская область,г Велиж
Смоленская область,г Демидов
Смоленская область,г Духовщина
Тамбовская область,г Тамбов
Тамбовская область,г Мичуринск
Тамбовская область,г Рассказово
Тамбовская область,г Моршанск
Тамбовская область,г Котовск
Тамбовская область,г Уварово
Тамбовская область,г Кирсанов
Тамбовская область,г Жердевка
Тверская область,г Тверь
Тверская область,г Ржев
Тверская область,г Вышний Волочек
Тверская область,г Торжок
Тверская область,г Кимры
Тверская область,г Конаково
Тверская область,г Удомля
Тверская область,г Бежецк
Тверская область,г Бологое
Тверская область,г Нелидово
Тверская область,г Осташков
Тверская область,г Кашин
Тверская область,г Калязин
Тверская область,г Торопец
Тверская область,г Лихославль
Тверская область,г Кувшиново
Тверская область,г Западная Двина
Тверская область,г Старица
Тверская область,г Андреаполь
Тверская область,г Зубцов
Тверская область,г Весьегонск
Тверская область,г Красный Холм
Тверская область,г Белый
Тульская область,г Тула
Тульская область,г Новомосковск
Тульская область,г Донской
Тульская область,г Алексин
Тульская область,г Щекино
Тульская область,г Узловая
Тульская область,г Ефремов
Тульская область,г Богородицк
Тульская область,г Кимовск
Тульская область,г Киреевск
Тульская область,г Суворов
Тульская область,г Плавск
Тульская область,г Ясногорск
Тульская область,г Венев
Тульская область,г Белев
Тульская область,г Болохово
Тульская область,г Липки
Тульская область,г Советск
Тульская область,г Чекалин
Ярославская область,г Ярославль
Ярославская область,г Рыбинск
Ярославская область,г Тутаев
Ярославская область,г Переславль-Залесский
Ярославская область,г Углич
Ярославская область,г Ростов
Ярославская область,г Гаврилов-Ям
Ярославская область,г Данилов
Ярославская область,г Мышкин
Ярославская область,г Пошехонье
Ярославская область,г Любим
Город федерального значения,г Москва
Республика Карелия,г Петрозаводск
Республика Карелия,г Костомукша
Республика Карелия,г Кондопога
Республика Карелия,г Сегежа
Республика Карелия,г Сортавала
Республика Карелия,г Медвежьегорск
Республика Карелия,г Кемь
Республика Карелия,г Питкяранта
Республика Карелия,г Олонец
Республика Карелия,г Беломорск
Республика Карелия,г Пудож
Республика Карелия,г Суоярви
Республика Карелия,г Лахденпохья
Республика Коми,г Сыктывкар
Республика Коми,г Ухта
Республика Коми,г Воркута
Республика Коми,г Печора
Республика Коми,г Усинск
Республика Коми,г Сосногорск
Республика Коми,г Инта
Республика Коми,г Емва
Республика Коми,г  Вуктыл
Республика Коми,г Микунь
Архангельская область,г Архангельск
Архангельская область,г Северодвинск
Архангельская область,г Котлас
Архангельская область,г Коряжма
Архангельская область,г Новодвинск
Архангельская область,г Мирный
Архангельская область,г Вельск
Архангельская область,г Няндома
Архангельская область,г Онега
Архангельская область,г Каргополь
Архангельская область,г Шенкурск
Архангельская область,г Мезень
Архангельская область,г Сольвычегодск
Архангельская область,г Нарьян-Мар
Вологодская область,г Вологда
Вологодская область,г Череповец
Вологодская область,г Сокол
Вологодская область,г Великий Устюг
Вологодская область,г Грязовец
Вологодская область,г Бабаево
Вологодская область,г Вытегра
Вологодская область,г Тотьма
Вологодская область,г Харовск
Вологодская область,г Белозерск
Вологодская область,г Никольск
Вологодская область,г Устюжна
Вологодская область,г Кириллов
Вологодская область,г Красавино
Вологодская область,г Кадников
Калининградская область,г Калининград
Калининградская область,г Советск
Калининградская область,г Черняховск
Калининградская область,г Балтийск
Калининградская область,г Гусев
Калининградская область,г Светлый
Калининградская область,г Гурьевск
Калининградская область,г Зеленоградск
Калининградская область,г Светлогорск
Калининградская область,г Гвардейск
Калининградская область,г Пионерский
Калининградская область,г Неман
Калининградская область,г Мамоново
Калининградская область,г Полесск
Калининградская область,г Багратионовск
Калининградская область,г Правдинск
Калининградская область,г Славск
Калининградская область,г Нестеров
Калининградская область,г Ладушкин
Калининградская область,г Озерск
Калининградская область,г Краснознаменск
Калининградская область,г Приморск
Ленинградская область,г Гатчина
Ленинградская область,г Мурино
Ленинградская область,г Всеволожск
Ленинградская область,г Сертолово
Ленинградская область,г Выборг
Ленинградская область,г Кудрово
Ленинградская область,г Сосновый Бор
Ленинградская область,г Тихвин
Ленинградская область,г Кириши
Ленинградская область,г Кингисепп
Ленинградская область,г Волхов
Ленинградская область,г Луга
Ленинградская область,г Сланцы
Ленинградская область,г Тосно
Ленинградская область,г Кировск
Ленинградская область,г Коммунар
Ленинградская область,г Отрадное
Ленинградская область,г Никольское
Ленинградская область,г Пикалёво
Ленинградская область,г Лодейное Поле
Ленинградская область,г Приозерск
Ленинградская область,г Подпорожье
Ленинградская область,г Бокситогорск
Ленинградская область,г Колтуши
Ленинградская область,г Шлиссельбург
Ленинградская область,г Светогорск
Ленинградская область,г Сясьстрой
Ленинградская область,г Волосово
Ленинградская область,г Ивангород
Ленинградская область,г Новая Ладога
Ленинградская область,г Каменногорск
Ленинградская область,г Приморск
Ленинградская область,г Любань
Ленинградская область,г Высоцк
Мурманская область,г Мурманск
Мурманская область,г Апатиты
Мурманская область,г Североморск
Мурманская область,г Мончегорск
Мурманская область,г Кандалакша
Мурманская область,г Кировск
Мурманская область,г Оленегорск
Мурманская область,г Ковдор
Мурманская область,г Полярные Зори
Мурманская область,г Заполярный
Мурманская область,г Полярный
Мурманская область,г Снежногорск
Мурманская область,г Гаджиево
Мурманская область,г Кола
Мурманская область,г Заозерск
Мурманская область,г Островной
Новгородская область,г Великий Новгород
Новгородская область,г Боровичи
Новгородская область,г Старая Русса
Новгородская область,г Чудово
Новгородская область,г Валдай
Новгородская область,г Пестово
Новгородская область,г Малая Вишера
Новгородская область,г Окуловка
Новгородская область,г Сольцы
Новгородская область,г Холм
Псковская область,г Псков
Псковская область,г Великие Луки
Псковская область,г Остров
Псковская область,г Невель
Псковская область,г Печоры
Псковская область,г Опочка
Псковская область,г Дно
Псковская область,г Порхов
Псковская область,г Новосокольники
Псковская область,г Себеж
Псковская область,г Пыталово
Псковская область,г Пустошка
Псковская область,г Гдов
Псковская область,г Новоржев
Город федерального значения,г Санкт-Петербург
Республика Адыгея,г Майкоп
Республика Адыгея,г Адыгейск
Республика Калмыкия,г Элиста
Республика Калмыкия,г Лагань
Республика Калмыкия,г Городовиковск
Республика Крым,г Симферополь 
Республика Крым,г Керчь
Республика Крым,г Евпатория
Республика Крым,г Ялта
Республика Крым,г Феодосия
Республика Крым,г Джанкой
Республика Крым,г Алушта
Республика Крым,г Бахчисарай 
Республика Крым,г Красноперекопск
Республика Крым,г Саки 
Республика Крым,г Армянск
Республика Крым,г Белогорск
Республика Крым,г Судак
Республика Крым,г Старый Крым
Республика Крым,г Щелкино
Республика Крым,г Алупка
Краснодарский край,г Краснодар
Краснодарский край,г Сочи
Краснодарский край,г Новороссийск
Краснодарский край,г Армавир
Краснодарский край,г Анапа
Краснодарский край,г Ейск
Краснодарский край,г Геленджик
Краснодарский край,г Кропоткин
Краснодарский край,г Славянск-на-Кубани
Краснодарский край,г Туапсе
Краснодарский край,г Лабинск
Краснодарский край,г Крымск
Краснодарский край,г Белореченск
Краснодарский край,г Тихорецк
Краснодарский край,г Тимашевск
Краснодарский край,г Курганинск
Краснодарский край,г Горячий Ключ
Краснодарский край,г Кореновск
Краснодарский край,г Темрюк
Краснодарский край,г Апшеронск
Краснодарский край,г Усть-Лабинск
Краснодарский край,г Абинск
Краснодарский край,г Новокубанск
Краснодарский край,г Гулькевичи
Краснодарский край,г Приморско-Ахтарск
Краснодарский край,г Хадыженск
Астраханская область,г Астрахань
Астраханская область,г Ахтубинск
Астраханская область,г Знаменск
Астраханская область,г Харабали
Астраханская область,г Камызяк
Астраханская область,г Нариманов
Волгоградская область,г Волгоград
Волгоградская область,г Волжский
Волгоградская область,г Камышин
Волгоградская область,г Михайловка
Волгоградская область,г Урюпинск
Волгоградская область,г Фролово
Волгоградская область,г Калач-на-Дону
Волгоградская область,г Котельниково
Волгоградская область,г Котово
Волгоградская область,г Суровикино
Волгоградская область,г Краснослободск
Волгоградская область,г Жирновск
Волгоградская область,г Новоаннинский
Волгоградская область,г Палласовка
Волгоградская область,г Дубовка
Волгоградская область,г Николаевск
Волгоградская область,г Ленинск
Волгоградская область,г Петров Вал
Волгоградская область,г Серафимович
Ростовская область,г Ростов-на-Дону
Ростовская область,г Таганрог
Ростовская область,г Шахты
Ростовская область,г Волгодонск
Ростовская область,г Новочеркасск
Ростовская область,г Батайск
Ростовская область,г Новошахтинск
Ростовская область,г Каменск-Шахтинский
Ростовская область,г Азов
Ростовская область,г Гуково
Ростовская область,г Сальск
Ростовская область,г Аксай
Ростовская область,г Донецк
Ростовская область,г Белая Калитва
Ростовская область,г Красный Сулин
Ростовская область,г Миллерово
Ростовская область,г Морозовск
Ростовская область,г Зерноград
Ростовская область,г Семикаракорск
Ростовская область,г Пролетарск
Ростовская область,г Зверево
Ростовская область,г Константиновск
Ростовская область,г Цимлянск
Город федерального значения,г Севастополь
Республика Дагестан,г Махачкала
Республика Дагестан,г Хасавюрт
Республика Дагестан,г Дербент
Республика Дагестан,г Каспийск
Республика Дагестан,г Буйнакск
Республика Дагестан,г Избербаш
Республика Дагестан,г Кизляр
Республика Дагестан,г Кизилюрт
Республика Дагестан,г Дагестанские Огни
Республика Дагестан,г Южно-Сухокумск
Республика Ингушетия,г Магас
Республика Ингушетия,г Назрань
Республика Ингушетия,г Сунжа
Республика Ингушетия,г Карабулак
Республика Ингушетия,г Малгобек
Кабардино-Балкарская Республика,г Нальчик
Кабардино-Балкарская Республика,г Прохладный
Кабардино-Балкарская Республика,г Баксан
Кабардино-Балкарская Республика,г Нарткала
Кабардино-Балкарская Республика,г Майский
Кабардино-Балкарская Республика,г Тырныауз
Кабардино-Балкарская Республика,г Терек
Кабардино-Балкарская Республика,г Чегем
Карачаево-Черкесская Республика,г Черкесск
Карачаево-Черкесская Республика,г Усть-Джегута
Карачаево-Черкесская Республика,г Карачаевск
Карачаево-Черкесская Республика,г Теберда
Республика Северная Осетия-Алания,г Владикавказ
Республика Северная Осетия-Алания,г Моздок
Республика Северная Осетия-Алания,г Беслан
Республика Северная Осетия-Алания,г Алагир
Республика Северная Осетия-Алания,г Ардон
Республика Северная Осетия-Алания,г Дигора
Чеченская Республика,г Грозный
Чеченская Республика,г Гудермес
Чеченская Республика,г Урус-Мартан
Чеченская Республика,г Шали
Чеченская Республика,г Аргун
Чеченская Республика,г Ачхой-Мартан
Чеченская Республика,г Курчалой
Ставропольский край,г Ставрополь
Ставропольский край,г Пятигорск
Ставропольский край,г Кисловодск
Ставропольский край,г Ессентуки
Ставропольский край,г Невинномысск
Ставропольский край,г Михайловск
Ставропольский край,г Минеральные Воды
Ставропольский край,г Георгиевск
Ставропольский край,г Будённовск
Ставропольский край,г Изобильный
Ставропольский край,г Светлоград
Ставропольский край,г Зеленокумск
Ставропольский край,г Благодарный
Ставропольский край,г Новоалександровск
Ставропольский край,г Ипатово
Ставропольский край,г Лермонтов
Ставропольский край,г Нефтекумск
Ставропольский край,г Железноводск
Ставропольский край,г Новопавловск
Республика Башкортостан,г Уфа
Республика Башкортостан,г Стерлитамак
Республика Башкортостан,г Салават
Республика Башкортостан,г Нефтекамск
Республика Башкортостан,г Октябрьский
Республика Башкортостан,г Туймазы
Республика Башкортостан,г Белорецк
Республика Башкортостан,г Ишимбай
Республика Башкортостан,г Белебей
Республика Башкортостан,г Кумертау
Республика Башкортостан,г Сибай
Республика Башкортостан,г Мелеуз
Республика Башкортостан,г Бирск
Республика Башкортостан,г Учалы
Республика Башкортостан,г Благовещенск
Республика Башкортостан,г Дюртюли
Республика Башкортостан,г Янаул
Республика Башкортостан,г Давлеканово
Республика Башкортостан,г Баймак
Республика Башкортостан,г Межгорье
Республика Башкортостан,г Агидель
Республика Марий Эл,г Йошкар-Ола
Республика Марий Эл,г Волжск
Республика Марий Эл,г Козьмодемьянск
Республика Марий Эл,г Звенигово
Республика Мордовия,г Саранск
Республика Мордовия,г Рузаевка
Республика Мордовия,г Ковылкино
Республика Мордовия,г Краснослободск
Республика Мордовия,г Ардатов
Республика Мордовия,г Инсар
Республика Мордовия,г Темников
Республика Татарстан,г Казань
Республика Татарстан,г Набережные Челны
Республика Татарстан,г Нижнекамск
Республика Татарстан,г Альметьевск
Республика Татарстан,г Зеленодольск
Республика Татарстан,г Бугульма
Республика Татарстан,г Елабуга
Республика Татарстан,г Лениногорск
Республика Татарстан,г Чистополь
Республика Татарстан,г Заинск
Республика Татарстан,г Азнакаево
Республика Татарстан,г Нурлат
Республика Татарстан,г Менделеевск
Республика Татарстан,г Бавлы
Республика Татарстан,г Арск
Республика Татарстан,г Агрыз
Республика Татарстан,г Буинск
Республика Татарстан,г Кукмор
Республика Татарстан,г Мамадыш
Республика Татарстан,г Мензелинск
Республика Татарстан,г Тетюши
Республика Татарстан,г Лаишево
Республика Татарстан,г Болгар
Республика Татарстан,г Иннополис
Удмуртская Республика,г Ижевск 
Удмуртская Республика,г Воткинск
Удмуртская Республика,г Сарапул
Удмуртская Республика,г Глазов
Удмуртская Республика,г Можга
Удмуртская Республика,г Камбарка
Чувашская Республика,г Шумерля
Чувашская Республика,г Цивильск
Чувашская Республика,г Ядрин
Чувашская Республика,г Мариинский Посад
Чувашская Республика,г Козловка
Пермский край,г Пермь
Пермский край,г Березники
Пермский край,г Соликамск
Пермский край,г Чайковский
Пермский край,г Кунгур
Пермский край,г Лысьва
Пермский край,г Краснокамск
Пермский край,г Чусовой
Пермский край,г Чернушка
Пермский край,г Кудымкар
Пермский край,г Добрянка
Пермский край,г Губаха
Пермский край,г Верещагино
Пермский край,г Оса
Пермский край,г Нытва
Пермский край,г Кизел
Пермский край,г Очер
Пермский край,г Красновишерск
Пермский край,г Горнозаводск
Пермский край,г Александровск
Пермский край,г Гремячинск
Пермский край,г Усолье
Пермский край,г Оханск
Пермский край,г Чердынь
Пермский край,г Чермоз
Кировская область,г Киров
Кировская область,г Кирово-Чепецк
Кировская область,г Вятские Поляны
Кировская область,г Слободской 
Кировская область,г Котельнич
Кировская область,г Омутнинск
Кировская область,г Советск
Кировская область,г Яранск
Кировская область,г Белая Холуница
Кировская область,г Зуевка
Кировская область,г Луза
Кировская область,г Кирс
Кировская область,г Уржум
Кировская область,г Сосновка
Кировская область,г Нолинск
Кировская область,г Малмыж
Кировская область,г Мураши
Кировская область,г Орлов
Нижегородская область,г Нижний Новгород
Нижегородская область,г Дзержинск
Нижегородская область,г Арзамас
Нижегородская область,г Саров
Нижегородская область,г Бор
Нижегородская область,г Кстово
Нижегородская область,г Павлово
Нижегородская область,г Балахна
Нижегородская область,г Выкса
Нижегородская область,г Заволжье
Нижегородская область,г Богородск
Нижегородская область,г Кулебаки 
Нижегородская область,г Городец
Нижегородская область,г Семенов
Нижегородская область,г Лысково
Нижегородская область,г Сергач 
Нижегородская область,г Шахунья
Нижегородская область,г Навашино 
Нижегородская область,г Первомайск
Нижегородская область,г Лукоянов
Нижегородская область,г Урень
Нижегородская область,г Чкаловск 
Нижегородская область,г Ворсма
Нижегородская область,г Володарск
Нижегородская область,г Перевоз
Нижегородская область,г Ветлуга
Нижегородская область,г Княгинино 
Нижегородская область,г Горбатов
Оренбургская область,г Оренбург
Оренбургская область,г Орск
Оренбургская область,г Бузулук
Оренбургская область,г Новотроицк
Оренбургская область,г Бугуруслан
Оренбургская область,г Гай
Оренбургская область,г Сорочинск
Оренбургская область,г Кувандык
Оренбургская область,г Соль-Илецк
Оренбургская область,г Медногорск
Оренбургская область,г Абдулино
Оренбургская область,г Ясный
Пензенская область,г Пенза
Пензенская область,г Кузнецк
Пензенская область,г Заречный
Пензенская область,г Каменка
Пензенская область,г Сердобск
Пензенская область,г Нижний Ломов
Пензенская область,г Никольск
Пензенская область,г Городище
Пензенская область,г Белинский
Пензенская область,г Спасск
Пензенская область,г Сурск
Самарская область,г Самара
Самарская область,г Тольятти
Самарская область,г Сызрань
Самарская область,г Новокуйбышевск
Самарская область,г Чапаевск
Самарская область,г Жигулевск
Самарская область,г Отрадный
Самарская область,г Кинель
Самарская область,г Похвистнево
Самарская область,г Октябрьск
Самарская область,г Нефтегорск
Саратовская область,г Саратов
Саратовская область,г Энгельс
Саратовская область,г Балаково
Саратовская область,г Балашов
Саратовская область,г Вольск
Саратовская область,г Пугачев
Саратовская область,г Ртищево
Саратовская область,г Маркс
Саратовская область,г Петровск
Саратовская область,г Аткарск
Саратовская область,г Красноармейск
Саратовская область,г Ершов
Саратовская область,г Калининск
Саратовская область,г Новоузенск
Саратовская область,г Красный Кут
Саратовская область,г Хвалынск
Саратовская область,г Аркадак
Саратовская область,г Шиханы
Ульяновская область,г Ульяновск
Ульяновская область,г Димитровград
Ульяновская область,г Инза
Ульяновская область,г Барыш
Ульяновская область,г Новоульяновск
Ульяновская область,г Сенгилей
Курганская область,г Курган
Курганская область,г Шадринск
Курганская область,г Шумиха
Курганская область,г Куртамыш
Курганская область,г Катайск
Курганская область,г Далматово
Курганская область,г Петухово
Курганская область,г Щучье
Курганская область,г Макушино
Свердловская область,г Екатеринбург
Свердловская область,г Нижний Тагил
Свердловская область,г Каменск-Уральский
Свердловская область,г Первоуральск
Свердловская область,г Серов
Свердловская область,г Новоуральск
Свердловская область,г Верхняя Пышма
Свердловская область,г Березовский
Свердловская область,г Ревда
Свердловская область,г Асбест
Свердловская область,г Краснотурьинск
Свердловская область,г Полевской
Свердловская область,г Лесной
Свердловская область,г Верхняя Салда
Свердловская область,г Красноуфимск
Свердловская область,г Качканар
Свердловская область,г Ирбит
Свердловская область,г Реж
Свердловская область,г Алапаевск
Свердловская область,г Сухой Лог
Свердловская область,г Тавда
Свердловская область,г Богданович
Свердловская область,г Артемовский
Свердловская область,г Заречный
Свердловская область,г Камышлов
Свердловская область,г Кушва
Свердловская область,г Карпинск
Свердловская область,г Среднеуральск
Свердловская область,г Североуральск
Свердловская область,г Невьянск
Свердловская область,г Красноуральск
Свердловская область,г Сысерть
Свердловская область,г Арамиль
Свердловская область,г Кировград
Свердловская область,г Нижняя Тура
Свердловская область,г Туринск
Свердловская область,г Нижняя Салда
Свердловская область,г Дегтярск
Свердловская область,г Талица
Свердловская область,г Ивдель
Свердловская область,г Новая Ляля
Свердловская область,г Верхний Тагил
Свердловская область,г Михайловск
Свердловская область,г Верхняя Тура
Свердловская область,г Волчанск
Свердловская область,г Нижние Серги
Свердловская область,г Верхотурье
Тюменская область,г Тюмень
Тюменская область,г Тобольск
Тюменская область,г Ишим
Тюменская область,г Ялуторовск
Тюменская область,г Заводоуковск
Тюменская область,г Ханты-Мансийск
Тюменская область,г Сургут
Тюменская область,г Нижневартовск
Тюменская область,г Нефтеюганск
Тюменская область,г Когалым
Тюменская область,г Нягань
Тюменская область,г Мегион
Тюменская область,г Лангепас
Тюменская область,г Радужный
Тюменская область,г Пыть-Ях
Тюменская область,г Урай
Тюменская область,г Лянтор
Тюменская область,г Югорск
Тюменская область,г Советский
Тюменская область,г Белоярский
Тюменская область,г Покачи
Тюменская область,г Новый Уренгой
Тюменская область,г Ноябрьск
Тюменская область,г Салехард
Тюменская область,г Надым
Тюменская область,г Губкинский
Тюменская область,г Муравленко
Тюменская область,г Лабытнанги
Тюменская область,г Тарко-Сале
Челябинская область,г Челябинск
Челябинская область,г Магнитогорск
Челябинская область,г Златоуст
Челябинская область,г Миасс
Челябинская область,г Копейск
Челябинская область,г Озерск
Челябинская область,г Троицк
Челябинская область,г Снежинск
Челябинская область,г Сатка
Челябинская область,г Чебаркуль
Челябинская область,г Южноуральск
Челябинская область,г Коркино
Челябинская область,г Кыштым
Челябинская область,г Трехгорный
Челябинская область,г Аша
Челябинская область,г Еманжелинск
Челябинская область,г Карталы
Челябинская область,г Верхний Уфалей
Челябинская область,г Усть-Катав
Челябинская область,г Бакал
Челябинская область,г Пласт
Челябинская область,г Куса
Челябинская область,г Касли
Челябинская область,г Катав-Ивановск
Челябинская область,г Сим
Челябинская область,г Нязепетровск
Челябинская область,г Юрюзань
Челябинская область,г Карабаш
Челябинская область,г Миньяр
Челябинская область,г Верхнеуральск
Республика Алтай,г Горно-Алтайск
Республика Тыва,г Кызыл
Республика Тыва,г Ак-Довурак
Республика Тыва,г Шагонар 
Республика Тыва,г Чадан 
Республика Тыва,г Туран
Республика Хакасия,г Абакан
Республика Хакасия,г Черногорск
Республика Хакасия,г Саяногорск
Республика Хакасия,г Абаза
Республика Хакасия,г Сорск
Алтайский край,г Барнаул
Алтайский край,г Бийск
Алтайский край,г Рубцовск
Алтайский край,г Новоалтайск
Алтайский край,г Заринск
Алтайский край,г Камень-на-Оби
Алтайский край,г Славгород
Алтайский край,г Алейск
Алтайский край,г Яровое
Алтайский край,г Белокуриха
Алтайский край,г Горняк
Алтайский край,г Змеиногорск
Красноярский край,г Красноярск
Красноярский край,г Норильск
Красноярский край,г Ачинск 
Красноярский край,г Канск
Красноярский край,г Железногорск 
Красноярский край,г Минусинск 
Красноярский край,г Зеленогорск
Красноярский край,г Лесосибирск 
Красноярский край,г Назарово
Красноярский край,г Сосновоборск
Красноярский край,г Шарыпово
Красноярский край,г Дивногорск 
Красноярский край,г Дудинка 
Красноярский край,г Боготол
Красноярский край,г Енисейск
Красноярский край,г Кодинск
Красноярский край,г Бородино
Красноярский край,г Ужур
Красноярский край,г Иланский
Красноярский край,г Уяр
Красноярский край,г Заозерный 
Красноярский край,г Игарка
Красноярский край,г Артемовск 
Иркутская область,г Иркутск
Иркутская область,г Братск
Иркутская область,г Ангарск
Иркутская область,г Усть-Илимск
Иркутская область,г Усолье-Сибирское
Иркутская область,г Черемхово
Иркутская область,г Шелехов
Иркутская область,г Тулун
Иркутская область,г Саянск
Иркутская область,г Усть-Кут
Иркутская область,г Тайшет
Иркутская область,г Зима
Иркутская область,г Нижнеудинск
Иркутская область,г Вихоревка
Иркутская область,г Железногорск-Илимский
Иркутская область,г Слюдянка
Иркутская область,г Свирск
Иркутская область,г Байкальск
Иркутская область,г Киренск
Иркутская область,г Бирюсинск
Иркутская область,г Бодайбо
Иркутская область,г Алзамай
Кемеровская область,г Кемерово
Кемеровская область,г Новокузнецк
Кемеровская область,г Прокопьевск
Кемеровская область,г Междуреченск
Кемеровская область,г Ленинск-Кузнецкий
Кемеровская область,г Киселевск
Кемеровская область,г Юрга
Кемеровская область,г Белово
Кемеровская область,г Анжеро-Судженск
Кемеровская область,г Березовский
Кемеровская область,г Мариинск
Кемеровская область,г Осинники
Кемеровская область,г Мыски
Кемеровская область,г Топки
Кемеровская область,г Полысаево
Кемеровская область,г Тайга
Кемеровская область,г Гурьевск
Кемеровская область,г Таштагол
Кемеровская область,г Калтан
Кемеровская область,г Салаир
Новосибирская область,г Новосибирск
Новосибирская область,г Бердск
Новосибирская область,г Искитим
Новосибирская область,г Куйбышев
Новосибирская область,г Обь
Новосибирская область,г Барабинск
Новосибирская область,г Карасук
Новосибирская область,г Татарск
Новосибирская область,г Тогучин
Новосибирская область,г Черепаново
Новосибирская область,г Болотное
Новосибирская область,г Купино
Новосибирская область,г Чулым
Новосибирская область,г Каргат
Омская область,г Омск
Омская область,г Тара
Омская область,г Калачинск
Омская область,г Исилькуль
Омская область,г Называевск
Омская область,г Тюкалинск
Томская область,г Томск
Томская область,г Северск
Томская область,г Стрежевой
Томская область,г Асино
Томская область,г Колпашево
Томская область,г Кедровый
Республика Бурятия,г Улан-Удэ
Республика Бурятия,г Северобайкальск
Республика Бурятия,г Гусиноозерск
Республика Бурятия,г Кяхта
Республика Бурятия,г Закаменск
Республика Бурятия,г Бабушкин
Республика Саха (Якутия),г Якутск
Республика Саха (Якутия),г Нерюнгри
Республика Саха (Якутия),г Мирный
Республика Саха (Якутия),г Алдан
Республика Саха (Якутия),г Ленск
Республика Саха (Якутия),г Удачный
Республика Саха (Якутия),г Покровск
Республика Саха (Якутия),г Вилюйск
Республика Саха (Якутия),г Нюрба
Республика Саха (Якутия),г Олекминск
Республика Саха (Якутия),г Томмот
Республика Саха (Якутия),г Среднеколымск
Республика Саха (Якутия),г Верхоянск
Забайкальский край,г Чита
Забайкальский край,г Краснокаменск
Забайкальский край,г Борзя
Забайкальский край,г Петровск-Забайкальский
Забайкальский край,г Нерчинск
Забайкальский край,г Могоча
Забайкальский край,г Шилка
Забайкальский край,г Балей
Забайкальский край,г Хилок
Забайкальский край,г Сретенск
Камчатский край,г Петропавловск-Камчатский
Камчатский край,г Елизово
Камчатский край,г Вилючинск
Приморский край,г Владивосток
Приморский край,г Уссурийск
Приморский край,г Находка
Приморский край,г Артем
Приморский край,г Арсеньев
Приморский край,г Большой Камень
Приморский край,г Спасск-Дальний
Приморский край,г Лесозаводск
Приморский край,г Партизанск
Приморский край,г Дальнегорск
Приморский край,г Дальнереченск
Приморский край,г Фокино
Хабаровский край,г Хабаровск
Хабаровский край,г Комсомольск-на-Амуре
Хабаровский край,г Амурск
Хабаровский край,г Советская Гавань
Хабаровский край,г Николаевск-на-Амуре
Хабаровский край,г Бикин
Хабаровский край,г Вяземский
Амурская область,г Благовещенск
Амурская область,г Белогорск
Амурская область,г Свободный
Амурская область,г Тында
Амурская область,г Зея
Амурская область,г Шимановск
Амурская область,г Райчихинск
Амурская область,г Завитинск
Амурская область,г Сковородино
Амурская область,г Циолковский
Магаданская область,г Магадан
Магаданская область,г Сусуман
Сахалинская область,г Южно-Сахалинск
Сахалинская область,г Корсаков
Сахалинская область,г Холмск
Сахалинская область,г Оха
Сахалинская область,г Поронайск
Сахалинская область,г Долинск
Сахалинская область,г Невельск
Сахалинская область,г Александровск-Сахалинский
Сахалинская область,г Анива
Сахалинская область,г Углегорск
Сахалинская область,г Макаров
Сахалинская область,г Томари
Сахалинская область,г Северо-Курильск
Сахалинская область,г Курильск
Еврейская автономная область,г Биробиджан
Еврейская автономная область,г Облучье
Еврейская автономная область,г Анадырь
Еврейская автономная область,г Билибино
Еврейская автономная область,г Певек
